<?xml version="1.0" encoding="UTF-8"?>
<!DOCTYPE hibernate-configuration PUBLIC
        "-//Hibernate/Hibernate Configuration DTD 3.0//EN"
        "http://www.hibernate.org/dtd/hibernate-configuration-3.0.dtd">

<hibernate-configuration>
	<session-factory>
		<!-- Database connection settings -->
		<property name="connection.driver_class">com.mysql.cj.jdbc.Driver</property>
		<property name="connection.url">jdbc:mysql://localhost:3306/LearnersAcademyDb</property>
		<property name="connection.username">root</property>
		<property name="connection.password">Nisha@1996</property>
		<property name="dialect">org.hibernate.dialect.MySQL5Dialect</property>
		<property name="show_sql">true</property>
		<property name="hbm2ddl.auto">update</property>

		
		<!-- Mapping File Reference for Many-To-Many Relationship -->
		<mapping class="com.Models.Student"/>
		<mapping class="com.Models.Class"/>
		<mapping class="com.Models.Subject"/>
		<mapping class="com.Models.Teacher"/>
		
	</session-factory>
</hibernate-configuration>